{"cameraMode":{"drawMode":0,"name":"Shaded","section":"Shading Mode"},"sceneLighting":true,"audioPlay":false,"sceneViewState":{"m_AlwaysRefresh":false,"showFog":true,"showSkybox":true,"showFlares":true,"showImageEffects":true,"showParticleSystems":true,"showVisualEffectGraphs":true,"m_FxEnabled":true},"in2DMode":false,"pivot":{"x":0.016215980052947999,"y":1.709025502204895,"z":-0.8849999904632568},"rotation":{"x":-0.010999834164977074,"y":-0.0027572542894631626,"z":0.00006261201633606106,"w":-1.0000325441360474},"size":0.6654820442199707,"orthographic":false}